input_row	EID	str_row_ion	compounds	compound_names	input_row	m/z	retention_time	p_value	statistic	CompoundID_from_user
row17	E2	row127_M+H[1+];row1414_M+H[1+];row17_M-C3H4O2+H[1+];row1906_M-NH3+H[1+];row46_M-HCOOH+H[1+];row632_M-HCOOH+H[1+];row72_M-CO2+H[1+];row961_M+Na[1+]	C02737	Phosphatidylserine	row17	764.52141	16.962	1.0	-1.0769313611054794	P18
row22	E3	row22_M+Na[1+]	dcsptn1crn;clpndcrn	docosa-4,7,10,13,16-pentaenoyl carnitine$clupanodonyl carnitine	row22	496.33969	10.5	1.0	-0.31446537622086607	P23
row27	E4	row27_M+Na[1+]	tetpent6crn;tetpent3crn	tetracosapentaenoyl carnitine$tetracosapentaenoyl carnitine	row27	524.37105	11.862	1.0	0.45124484504561996	P28
row46	E2	row127_M+H[1+];row1414_M+H[1+];row17_M-C3H4O2+H[1+];row1906_M-NH3+H[1+];row46_M-HCOOH+H[1+];row632_M-HCOOH+H[1+];row72_M-CO2+H[1+];row961_M+Na[1+]	C02737	Phosphatidylserine	row46	790.53726	17.158	1.0	-0.9406527779071204	P47
row56	E12	row1263_M+H[1+];row56_M+H2O+H[1+]	C11455;C11508;44mctr;C15783	4,4-Dimethyl-5alpha-cholesta-8,14,24-trien-3beta-ol$4alpha-Methyl-5alpha-ergosta-8,14,24(28)-trien-3beta-ol; delta8,14 -Sterol$4,4-dimethylcholesta-8,14,24-trienol$5-Dehydroavenasterol	row56	429.37233	15.204	1.0	0.32982409203164104	P57
row56	E15	row1263_M-H4O2+H[1+];row1936_M+K[1+];row314_M+Na[1+];row327_M+H[1+];row56_M-H2O+H[1+]	CE5022;CE5835;CE5842	$$13'-hydroxy-alpha-tocopherol	row56	429.37233	15.204	1.0	0.32982409203164104	P57
row58	E13	row1406_M+H[1+];row58_M+H2O+H[1+]	C11455;C11508;44mctr;C15783	4,4-Dimethyl-5alpha-cholesta-8,14,24-trien-3beta-ol$4alpha-Methyl-5alpha-ergosta-8,14,24(28)-trien-3beta-ol; delta8,14 -Sterol$4,4-dimethylcholesta-8,14,24-trienol$5-Dehydroavenasterol	row58	429.37233	16.368	1.0	0.5093305730472031	P59
row58	E16	row1406_M-H4O2+H[1+];row196_M+H[1+];row58_M-H2O+H[1+]	CE5022;CE5835;CE5842	$$13'-hydroxy-alpha-tocopherol	row58	429.37233	16.368	1.0	0.5093305730472031	P59
row72	E2	row127_M+H[1+];row1414_M+H[1+];row17_M-C3H4O2+H[1+];row1906_M-NH3+H[1+];row46_M-HCOOH+H[1+];row632_M-HCOOH+H[1+];row72_M-CO2+H[1+];row961_M+Na[1+]	C02737	Phosphatidylserine	row72	792.55353	17.89	1.0	-0.6757538438061824	P75
row95	E20	row358_M-H2O+H[1+];row95_M-H4O2+H[1+]	C00422	triacylglycerol	row95	603.53438	19.296	1.0	-0.37273754449656793	P98
row98	E22	row214_M-NH3+H[1+];row98_M+H[1+]	C00350	Phosphatidylethanolamine	row98	812.65201	21.395	1.0	-0.9923296615401723	P101
row127	E2	row127_M+H[1+];row1414_M+H[1+];row17_M-C3H4O2+H[1+];row1906_M-NH3+H[1+];row46_M-HCOOH+H[1+];row632_M-HCOOH+H[1+];row72_M-CO2+H[1+];row961_M+Na[1+]	C02737	Phosphatidylserine	row127	836.54346	16.526	1.0	0.051414824385627285	P136
row190	E27	row190_M-H4O2+H[1+];row1944_M+Na[1+];row995_M+H[1+]	C05452	3alpha,7alpha-Dihydroxy-5beta-cholestane; 5beta-Cholestane-3alpha,7alpha-diol	row190	369.35119	15.261	1.0	1.025641606778049	P201
row190	E30	row190_M-H2O+H[1+]	C03091;CE2315;C01189;C03845;C00187	5beta-Cholestan-3-one; Coprostan-3-one$cholesta-8(9)-en-3beta-ol$5alpha-Cholest-7-en-3beta-ol; Lathosterol$5alpha-Cholest-8-en-3beta-ol; Zymostenol; Cholestenol$Cholesterol	row190	369.35119	15.261	1.0	1.025641606778049	P201
row196	E16	row1406_M-H4O2+H[1+];row196_M+H[1+];row58_M-H2O+H[1+]	CE5022;CE5835;CE5842	$$13'-hydroxy-alpha-tocopherol	row196	447.38309	16.371	1.0	0.3537603517781891	P207
row214	E22	row214_M-NH3+H[1+];row98_M+H[1+]	C00350	Phosphatidylethanolamine	row214	795.62922	21.394	1.0	-0.9858491564285634	P226
row242	E36	row242_M-H2O+H[1+];row549_M-H2O+H[1+]	C13856	2-Arachidonoylglycerol; 2-Arachidonoyl-sn-glycerol	row242	361.27388	9.639	1.0	-0.17963064284607788	P254
row248	E1	row1176_M[1+];row1491_M-C3H4O2+H[1+];row248_M+H[1+];row500_M-NH3+H[1+]	C02737	Phosphatidylserine	row248	836.54406	15.187	1.0	-0.890735426573716	P261
row288	E47	row288_M+Na[1+]	c226crn	cervonyl carnitine	row288	494.32456	9.493	1.0	-0.10600679808101941	P304
row310	E56	row310_M-H2O+H[1+]	C00899;C00473	cis-11-retinol$Retinol	row310	269.22708	19.79	1.0	-0.5936395190007946	P327
row310	E71	row310_M+H[1+]	CE5014	anhydroretinol	row310	269.22708	19.79	1.0	-0.5936395190007946	P327
row314	E15	row1263_M-H4O2+H[1+];row1936_M+K[1+];row314_M+Na[1+];row327_M+H[1+];row56_M-H2O+H[1+]	CE5022;CE5835;CE5842	$$13'-hydroxy-alpha-tocopherol	row314	469.36507	15.195	1.0	0.3659725653314127	P331
row327	E15	row1263_M-H4O2+H[1+];row1936_M+K[1+];row314_M+Na[1+];row327_M+H[1+];row56_M-H2O+H[1+]	CE5022;CE5835;CE5842	$$13'-hydroxy-alpha-tocopherol	row327	447.38317	15.272	1.0	0.3239170502377526	P345
row358	E20	row358_M-H2O+H[1+];row95_M-H4O2+H[1+]	C00422	triacylglycerol	row358	621.54518	19.296	1.0	-0.41844011537281994	P383
row381	E106	row1803_M+H[1+];row381_M-H4O2+H[1+];row401_M-H2O+H[1+]	C12144	Phytosphingosine; 4-D-Hydroxysphinganine	row381	282.27987	10.395	1.0	-0.07680214031459695	P410
row381	E110	row1803_M+H2O+H[1+];row1842_M-H4O2+H[1+];row2073_M-CO2+H[1+];row381_M-H2O+H[1+];row401_M+H[1+];row977_M+Na[1+]	C02934;C00319	3-Dehydrosphinganine$Sphingosine	row381	282.27987	10.395	1.0	-0.07680214031459695	P410
row401	E106	row1803_M+H[1+];row381_M-H4O2+H[1+];row401_M-H2O+H[1+]	C12144	Phytosphingosine; 4-D-Hydroxysphinganine	row401	300.29032	10.422	1.0	-0.07113874720226954	P434
row401	E110	row1803_M+H2O+H[1+];row1842_M-H4O2+H[1+];row2073_M-CO2+H[1+];row381_M-H2O+H[1+];row401_M+H[1+];row977_M+Na[1+]	C02934;C00319	3-Dehydrosphinganine$Sphingosine	row401	300.29032	10.422	1.0	-0.07113874720226954	P434
row426	E49	row2108_M+H[1+];row426_M+Na[1+]	C00219	arachidonic acid	row426	327.22724	12.285	1.0	0.010275043639662597	P461
row442	E112	row1584_M-H2O+H[1+];row442_M-H4O2+H[1+]	C02934;C00319	3-Dehydrosphinganine$Sphingosine	row442	264.26907	17.377	1.0	0.9964160690262175	P480
row500	E1	row1176_M[1+];row1491_M-C3H4O2+H[1+];row248_M+H[1+];row500_M-NH3+H[1+]	C02737	Phosphatidylserine	row500	819.51723	15.266	1.0	-0.6234444680002535	P542
row539	E32	row539_M-H2O+H[1+];row770_M-H2O+H[1+]	C03091;CE2315;C01189;C03845;C00187	5beta-Cholestan-3-one; Coprostan-3-one$cholesta-8(9)-en-3beta-ol$5alpha-Cholest-7-en-3beta-ol; Lathosterol$5alpha-Cholest-8-en-3beta-ol; Zymostenol; Cholestenol$Cholesterol	row539	369.35149	22.458	1.0	0.5312916101527856	P587
row549	E36	row242_M-H2O+H[1+];row549_M-H2O+H[1+]	C13856	2-Arachidonoylglycerol; 2-Arachidonoyl-sn-glycerol	row549	361.27416	8.755	1.0	-0.6165832449901375	P600
row604	E137	row1025_M+Na[1+];row2203_M(C13)+H[1+];row604_M+H[1+]	C04598	Platelet-activating factor	row604	550.38713	12.049	1.0	0.4862957725918016	P658
row632	E2	row127_M+H[1+];row1414_M+H[1+];row17_M-C3H4O2+H[1+];row1906_M-NH3+H[1+];row46_M-HCOOH+H[1+];row632_M-HCOOH+H[1+];row72_M-CO2+H[1+];row961_M+Na[1+]	C02737	Phosphatidylserine	row632	790.53439	18.182	0.0	1.2110842426057837	P690
row641	E37	row641_M+H[1+]	C13856	2-Arachidonoylglycerol; 2-Arachidonoyl-sn-glycerol	row641	379.28206	11.673	1.0	-0.6936313772249697	P701
row642	E38	row642_M-H2O+H[1+]	C13856	2-Arachidonoylglycerol; 2-Arachidonoyl-sn-glycerol	row642	361.27386	15.387	1.0	-0.3465245928615057	P702
row648	E138	row648_M+H[1+]	C04230	Lysophosphatidylcholine	row648	508.37664	11.415	1.0	0.46220005532535646	P708
row674	E143	row674_M-H2O+H[1+]	nrvnccrn	Nervonyl carnitine	row674	492.44111	15.184	1.0	0.05859755088546539	P739
row699	E29	row699_M-H2O+H[1+]	C03091;CE2315;C01189;C03845;C00187	5beta-Cholestan-3-one; Coprostan-3-one$cholesta-8(9)-en-3beta-ol$5alpha-Cholest-7-en-3beta-ol; Lathosterol$5alpha-Cholest-8-en-3beta-ol; Zymostenol; Cholestenol$Cholesterol	row699	369.35161	12.277	1.0	0.10495353372074132	P767
row701	E155	row701_M+H[1+]	C01802;C00599;C05437;C05439;C01164;C05443	Desmosterol; 24-Dehydrocholesterol; Cholesta-5,24-dien-3beta-ol$Cholest-4-en-3-one; Cholestenone; 4-Cholesten-3-one$Zymosterol; delta8,24-Cholestadien-3beta-ol; 5alpha-Cholesta-8,24-dien-3beta-ol$5alpha-Cholesta-7,24-dien-3beta-ol$Cholesta-5,7-dien-3beta-ol; 7-Dehydrocholesterol; Provitamin D3$Vitamin D3; Cholecalciferol	row701	385.34637	15.331	1.0	0.46783813140003244	P769
row701	E156	row701_M-H2O+H[1+]	C06340;C05451;C05500;C05502;C13550;C15519;C03594	27-Hydroxycholesterol$7alpha-Hydroxy-5beta-cholestan-3-one$20alpha-Hydroxycholesterol$22beta-Hydroxycholesterol; (22R)-22-Hydroxycholesterol$24-Hydroxycholesterol; Cerebrosterol; Cholest-5-ene-3,24-diol; (24S)-24-Hydroxycholesterol$25-Hydroxycholesterol$7 alpha-Hydroxycholesterol	row701	385.34637	15.331	1.0	0.46783813140003244	P769
row735	E160	row1944_M-H2O+H[1+];row735_M+H[1+];row929_M+H[1+]	C04840	3beta-Hydroxy-4beta-methyl-5alpha-cholest-7-ene-4alpha-carboxylate	row735	445.36769	14.965	1.0	0.27281829048945344	P811
row735	E162	row1518_M+Na[1+];row1944_M-H4O2+H[1+];row735_M-H2O+H[1+];row929_M-H2O+H[1+]	CE5840;CE5838	$	row735	445.36769	14.965	1.0	0.27281829048945344	P811
row770	E32	row539_M-H2O+H[1+];row770_M-H2O+H[1+]	C03091;CE2315;C01189;C03845;C00187	5beta-Cholestan-3-one; Coprostan-3-one$cholesta-8(9)-en-3beta-ol$5alpha-Cholest-7-en-3beta-ol; Lathosterol$5alpha-Cholest-8-en-3beta-ol; Zymostenol; Cholestenol$Cholesterol	row770	369.35498	22.477	1.0	-0.21482445647162512	P853
row784	E174	row1656_M+H[1+];row784_M-H4O2+H[1+]	C05463;C05465	Taurodeoxycholate$Taurochenodeoxycholate; Chenodeoxycholoyltaurine	row784	464.28349	6.747	1.0	-0.3885356021427244	P869
row794	E175	row1103_M+Na[1+];row1151_M-H4O2+H[1+];row794_M-H4O2+H[1+]	C05122;C15516	taurocholic acid$Taurohyocholate; N-(3alpha,6alpha,7alpha-Trihydroxy-5beta-cholan-24-oyl)taurine	row794	480.27847	4.809	1.0	0.1491306796976384	P879
row825	E181	row825_M+Na[1+]	C06426;C06427	(6Z,9Z,12Z)-Octadecatrienoic acid; 6,9,12-Octadecatrienoic acid; gamma-Linolenic acid; Gamolenic acid$(9Z,12Z,15Z)-Octadecatrienoic acid; alpha-Linolenic acid; 9,12,15-Octadecatrienoic acid; Linolenate; alpha-Linolenate	row825	301.21194	11.965	1.0	0.6337575507509754	P918
row829	E161	row829_M+H[1+]	C04840	3beta-Hydroxy-4beta-methyl-5alpha-cholest-7-ene-4alpha-carboxylate	row829	445.36753	16.412	1.0	0.3478874166879706	P923
row829	E163	row829_M-H2O+H[1+]	CE5840;CE5838	$	row829	445.36753	16.412	1.0	0.3478874166879706	P923
row847	E187	row847_M+H2O+H[1+];row948_M+H[1+]	CE4723	neocasomorphin (1-5)	row847	621.30467	8.765	1.0	-0.710446148676721	P945
row893	E201	row893_M+H[1+]	C15647	2-Acyl-1-(1-alkenyl)-sn-glycero-3-phosphate	row893	657.48551	18.733	0.0	-1.1541086972933001	P1000
row902	E136	row902_M+Na[1+]	C04598	Platelet-activating factor	row902	572.37158	10.984	1.0	-0.22947429191024693	P1009
row911	E204	row1413_M-H2O+H[1+];row911_M-CO2+H[1+]	C11695	Anandamide; Arachidonylethanolamide; N-(5Z,8Z,11Z,14Z-icosatetraenoyl)-ethanolamide	row911	304.3006	10.058	1.0	0.3396236871853771	P1020
row929	E160	row1944_M-H2O+H[1+];row735_M+H[1+];row929_M+H[1+]	C04840	3beta-Hydroxy-4beta-methyl-5alpha-cholest-7-ene-4alpha-carboxylate	row929	445.36755	15.445	1.0	0.09375603575546894	P1047
row929	E162	row1518_M+Na[1+];row1944_M-H4O2+H[1+];row735_M-H2O+H[1+];row929_M-H2O+H[1+]	CE5840;CE5838	$	row929	445.36755	15.445	1.0	0.09375603575546894	P1047
row948	E187	row847_M+H2O+H[1+];row948_M+H[1+]	CE4723	neocasomorphin (1-5)	row948	603.29409	8.794	1.0	-0.5355065481928172	P1072
row961	E2	row127_M+H[1+];row1414_M+H[1+];row17_M-C3H4O2+H[1+];row1906_M-NH3+H[1+];row46_M-HCOOH+H[1+];row632_M-HCOOH+H[1+];row72_M-CO2+H[1+];row961_M+Na[1+]	C02737	Phosphatidylserine	row961	858.52529	16.522	1.0	0.07285248755731787	P1088
row977	E110	row1803_M+H2O+H[1+];row1842_M-H4O2+H[1+];row2073_M-CO2+H[1+];row381_M-H2O+H[1+];row401_M+H[1+];row977_M+Na[1+]	C02934;C00319	3-Dehydrosphinganine$Sphingosine	row977	322.27216	10.375	1.0	0.15178937742846071	P1107
row987	E57	row987_M-H2O+H[1+]	C00899;C00473	cis-11-retinol$Retinol	row987	269.22714	20.558	1.0	-0.7223302834159406	P1121
row987	E72	row987_M+H[1+]	CE5014	anhydroretinol	row987	269.22714	20.558	1.0	-0.7223302834159406	P1121
row995	E27	row190_M-H4O2+H[1+];row1944_M+Na[1+];row995_M+H[1+]	C05452	3alpha,7alpha-Dihydroxy-5beta-cholestane; 5beta-Cholestane-3alpha,7alpha-diol	row995	405.37257	15.848	1.0	0.4682881179742169	P1130
row1025	E137	row1025_M+Na[1+];row2203_M(C13)+H[1+];row604_M+H[1+]	C04598	Platelet-activating factor	row1025	572.36907	12.091	1.0	0.7271221573867779	P1167
row1028	E222	row1028_M+H[1+]	CE5967	3(S),10(R)-OH-octadeca-6-trans-4,12-cis-trienoyl-CoA	row1028	1056.29708	21.888	1.0	0.6602300199563715	P1171
row1060	E228	row1060_M-H2O+H[1+]	C15646	1-(1-Alkenyl)-sn-glycero-3-phosphate	row1060	377.24763	11.958	1.0	0.6000915635450895	P1209
row1075	E229	row1075_M+Na[1+]	C06429	(4Z,7Z,10Z,13Z,16Z,19Z)-Docosahexaenoic acid; 4,7,10,13,16,19-Docosahexaenoic acid; Docosahexaenoic acid	row1075	351.22733	12.093	1.0	-0.1627865723660799	P1228
row1103	E175	row1103_M+Na[1+];row1151_M-H4O2+H[1+];row794_M-H4O2+H[1+]	C05122;C15516	taurocholic acid$Taurohyocholate; N-(3alpha,6alpha,7alpha-Trihydroxy-5beta-cholan-24-oyl)taurine	row1103	538.28168	5.871	1.0	-0.17823794880589905	P1266
row1151	E175	row1103_M+Na[1+];row1151_M-H4O2+H[1+];row794_M-H4O2+H[1+]	C05122;C15516	taurocholic acid$Taurohyocholate; N-(3alpha,6alpha,7alpha-Trihydroxy-5beta-cholan-24-oyl)taurine	row1151	480.27841	5.872	1.0	-0.15845527947160695	P1335
row1176	E1	row1176_M[1+];row1491_M-C3H4O2+H[1+];row248_M+H[1+];row500_M-NH3+H[1+]	C02737	Phosphatidylserine	row1176	835.53388	14.822	1.0	-0.922052274633694	P1365
row1183	E243	row1183_M+H[1+]	C00555	4-Aminobutanal; 4-Aminobutyraldehyde; Butyraldehyde, 4-amino-	row1183	88.07605	19.978	1.0	-0.6840963421870985	P1375
row1193	E247	row1193_M+Na[1+]	tmndnccrn	Timnodonyl carnitine	row1193	468.30914	9.099	1.0	-0.6073171573827844	P1389
row1221	E252	row1221_M+H[1+]	C00760	Cellulose; (1,4-beta-D-Glucosyl)n; (1,4-beta-D-Glucosyl)n+1; (1,4-beta-D-Glucosyl)n-1; 1,4-beta-D-Glucan; Microcrystalline cellulose	row1221	537.16588	18.283	1.0	-0.20812289844047044	P1428
row1263	E12	row1263_M+H[1+];row56_M+H2O+H[1+]	C11455;C11508;44mctr;C15783	4,4-Dimethyl-5alpha-cholesta-8,14,24-trien-3beta-ol$4alpha-Methyl-5alpha-ergosta-8,14,24(28)-trien-3beta-ol; delta8,14 -Sterol$4,4-dimethylcholesta-8,14,24-trienol$5-Dehydroavenasterol	row1263	411.36218	15.211	1.0	0.239606287440934	P1486
row1263	E15	row1263_M-H4O2+H[1+];row1936_M+K[1+];row314_M+Na[1+];row327_M+H[1+];row56_M-H2O+H[1+]	CE5022;CE5835;CE5842	$$13'-hydroxy-alpha-tocopherol	row1263	411.36218	15.211	1.0	0.239606287440934	P1486
row1269	E260	row1269_M+H[1+]	C04483;C02528	3alpha,12alpha-Dihydroxy-5beta-cholanate; Deoxycholic acid; Deoxycholate; 3alpha,12alpha-Dihydroxy-5beta-cholanic acid$Chenodeoxycholate; Chenodeoxycholic acid; 3alpha,7alpha-Dihydroxy-5beta-cholanic acid; Chenodiol	row1269	393.29892	11.873	1.0	0.3122291355455122	P1495
row1298	E266	row1298_M-H2O+H[1+]	CE1939;CE1940	spermidine monoaldehyde 1$spermidine monoaldehyde 2	row1298	129.13868	23.313	1.0	-0.06247003134912114	P1534
row1302	E259	row1302_M+H[1+]	C04483;C02528	3alpha,12alpha-Dihydroxy-5beta-cholanate; Deoxycholic acid; Deoxycholate; 3alpha,12alpha-Dihydroxy-5beta-cholanic acid$Chenodeoxycholate; Chenodeoxycholic acid; 3alpha,7alpha-Dihydroxy-5beta-cholanic acid; Chenodiol	row1302	393.29881	10.869	1.0	0.2671004497495901	P1539
row1313	E270	row1313_M+H[1+]	C00262	Hypoxanthine	row1313	137.0459	0.504	1.0	0.016396306703043605	P1553
row1333	E274	row1333_M-H2O+H[1+]	C02642;C00152	N-Carbamoyl-beta-alanine$L-Asparagine	row1333	115.05048	18.996	1.0	-0.1838120954081436	P1582
row1333	E279	row1333_M+H[1+]	C02512;C00429	Beta cyanoalanine$5,6-dihydrouracil	row1333	115.05048	18.996	1.0	-0.1838120954081436	P1582
row1335	E253	row1335_M+H[1+];row1527_M+H[1+]	C00760	Cellulose; (1,4-beta-D-Glucosyl)n; (1,4-beta-D-Glucosyl)n+1; (1,4-beta-D-Glucosyl)n-1; 1,4-beta-D-Glucan; Microcrystalline cellulose	row1335	537.16588	19.381	1.0	0.22594476188513274	P1584
row1337	E249	row1337_M+Na[1+]	tmndnccrn	Timnodonyl carnitine	row1337	468.30885	10.738	1.0	-0.5874159015012019	P1589
row1345	E283	row1345_M+H[1+]	C00346	Ethanolamine phosphate	row1345	142.02653	13.081	1.0	-0.9210502613809781	P1601
row1381	E59	row1381_M+Na[1+]	C02094;caro	beta-Carotene$beta-Carotene	row1381	559.43305	16.731	0.0	-1.1773684772071762	P1659
row1405	E287	row1405_M+H[1+]	C04317	1-Alkyl-2-lyso-sn-glycero-3-phosphocholine	row1405	510.39253	12.49	1.0	0.07120362206987128	P1692
row1406	E13	row1406_M+H[1+];row58_M+H2O+H[1+]	C11455;C11508;44mctr;C15783	4,4-Dimethyl-5alpha-cholesta-8,14,24-trien-3beta-ol$4alpha-Methyl-5alpha-ergosta-8,14,24(28)-trien-3beta-ol; delta8,14 -Sterol$4,4-dimethylcholesta-8,14,24-trienol$5-Dehydroavenasterol	row1406	411.36209	16.371	1.0	0.2765696893686851	P1693
row1406	E16	row1406_M-H4O2+H[1+];row196_M+H[1+];row58_M-H2O+H[1+]	CE5022;CE5835;CE5842	$$13'-hydroxy-alpha-tocopherol	row1406	411.36209	16.371	1.0	0.2765696893686851	P1693
row1413	E204	row1413_M-H2O+H[1+];row911_M-CO2+H[1+]	C11695	Anandamide; Arachidonylethanolamide; N-(5Z,8Z,11Z,14Z-icosatetraenoyl)-ethanolamide	row1413	330.27973	9.641	1.0	-0.14823749893824356	P1701
row1414	E2	row127_M+H[1+];row1414_M+H[1+];row17_M-C3H4O2+H[1+];row1906_M-NH3+H[1+];row46_M-HCOOH+H[1+];row632_M-HCOOH+H[1+];row72_M-CO2+H[1+];row961_M+Na[1+]	C02737	Phosphatidylserine	row1414	836.54212	17.457	1.0	0.9076964438973109	P1704
row1437	E290	row1437_M+H[1+]	CE6027	24,25,26,27-tetranor-23-oxo-hydroxyvitamin D3	row1437	359.25827	15.269	1.0	-0.26133620284230663	P1739
row1482	E296	row1482_M+H[1+]	hdcea	Hexadecenoate (n-C16:1)	row1482	254.22318	23.474	1.0	0.5561617032428573	P1811
row1491	E1	row1176_M[1+];row1491_M-C3H4O2+H[1+];row248_M+H[1+];row500_M-NH3+H[1+]	C02737	Phosphatidylserine	row1491	764.52185	15.262	1.0	0.2864100899168212	P1822
row1497	E303	row1497_M+H[1+]	C00292	Aniline; Phenylamine; Benzenamine; Arylamine	row1497	94.06529	23.593	1.0	-0.06027715184326049	P1828
row1499	E310	row1499_M-H2O+H[1+]	C00719;C00431;C00183	Glycine betaine$5-Aminopentanoate; 5-Aminopentanoic acid; 5-Aminovaleric acid$L-Valine	row1499	100.07591	17.312	1.0	0.7010456743522079	P1830
row1518	E162	row1518_M+Na[1+];row1944_M-H4O2+H[1+];row735_M-H2O+H[1+];row929_M-H2O+H[1+]	CE5840;CE5838	$	row1518	485.36052	14.668	1.0	0.6166994813196334	P1854
row1518	E324	row1518_M+H2O+H[1+];row2211_M-H2O+H[1+]	C05849	Vitamin K1 epoxide; (2,3-Epoxyphytyl)menaquinone; 2,3-Epoxy-2,3-dihydro-2-methyl-3-phytyl-1,4-naphthoquinone; 2,3-Epoxyphylloquinone; 1a,7a-Dihydro-1a-methyl-7a-(3,7,11,15-tetramethyl-2-hexadecenyl)-naphth[2,3-b]oxirene-2,7-dione; Phylloquinone oxide; Phylloquinone epoxide; Phylloquinone-2,3-epoxide; Vitamin K1 2,3-epoxide; Vitamin K1 oxide	row1518	485.36052	14.668	1.0	0.6166994813196334	P1854
row1520	E327	row1520_M-H2O+H[1+]	C00836	Sphinganine	row1520	284.29557	10.804	1.0	-0.15105150286043625	P1857
row1527	E253	row1335_M+H[1+];row1527_M+H[1+]	C00760	Cellulose; (1,4-beta-D-Glucosyl)n; (1,4-beta-D-Glucosyl)n+1; (1,4-beta-D-Glucosyl)n-1; 1,4-beta-D-Glucan; Microcrystalline cellulose	row1527	537.16591	18.927	1.0	-0.26496783582133265	P1865
row1534	E329	row1534_M-H4O2+H[1+];row1917_M-H2O+H[1+]	C06341;C05458;C05453;CE5530;C05501;C15520;C15518;C05499;C05445	7-alpha,27-Dihydroxycholesterol$7alpha,12alpha-Dihydroxy-5alpha-cholestan-3-one$7alpha,12alpha-Dihydroxy-5beta-cholestan-3-one$7alpha,27-dihydroxycholesterol$20alpha,22beta-Dihydroxycholesterol; (22R)-20alpha,22-Dihydroxycholesterol$7-alpha,25-Dihydroxycholesterol$(24S)-Cholest-5-ene-3beta,7alpha,24-triol$17alpha,20alpha-Dihydroxycholesterol$3alpha,7alpha-Dihydroxy-5beta-cholestan-26-al	row1534	383.33073	15.117	1.0	0.46361193181382654	P1875
row1534	E330	row1534_M-H2O+H[1+];row1917_M+H[1+]	C05455;C01561	7alpha-Hydroxycholest-4-en-3-one$Calcidiol; 25-Hydroxyvitamin D3; Calcifediol; Calcifediol anhydrous	row1534	383.33073	15.117	1.0	0.46361193181382654	P1875
row1534	E331	row1534_M+H[1+];row1917_M+H2O+H[1+]	C05107;CE2321	7-Dehydrodesmosterol$cholesta-5,7,24-trien-3beta-ol	row1534	383.33073	15.117	1.0	0.46361193181382654	P1875
row1552	E14	row1552_M-H2O+H[1+]	C11455;C11508;44mctr;C15783	4,4-Dimethyl-5alpha-cholesta-8,14,24-trien-3beta-ol$4alpha-Methyl-5alpha-ergosta-8,14,24(28)-trien-3beta-ol; delta8,14 -Sterol$4,4-dimethylcholesta-8,14,24-trienol$5-Dehydroavenasterol	row1552	393.35542	22.569	0.0	1.1819190585493258	P1902
row1560	E55	row1560_M-H2O+H[1+]	C00899;C00473	cis-11-retinol$Retinol	row1560	269.22706	17.474	1.0	-0.9414728255473734	P1913
row1560	E70	row1560_M+H[1+]	CE5014	anhydroretinol	row1560	269.22706	17.474	1.0	-0.9414728255473734	P1913
row1577	E209	row1577_M-CO2+H[1+];row1930_M-H2O+H[1+]	C02990	L-Palmitoylcarnitine	row1577	356.35222	24.604	1.0	0.3170642399694388	P1938
row1584	E112	row1584_M-H2O+H[1+];row442_M-H4O2+H[1+]	C02934;C00319	3-Dehydrosphinganine$Sphingosine	row1584	282.27957	17.377	1.0	0.7909829449269816	P1947
row1597	E346	row1597_M+Na[1+]	C00257;C00800	D-Gluconate$L-Gulonate	row1597	219.04754	1.812	1.0	0.3210366133177422	P1972
row1606	E53	row1606_M-H2O+H[1+]	C00899;C00473	cis-11-retinol$Retinol	row1606	269.22737	11.134	1.0	-0.5489469296641206	P1991
row1606	E68	row1606_M+H[1+]	CE5014	anhydroretinol	row1606	269.22737	11.134	1.0	-0.5489469296641206	P1991
row1608	E351	row1608_M-H2O+H[1+]	CE2591;CE0849	trans,cis-hexadeca-2,9-dienoyl-CoA$cis,cis-palmito-7,10-dienoyl-CoA	row1608	980.27846	21.273	1.0	0.9226965523461644	P1993
row1615	E352	row1615_M+Na[1+]	C03413	N1,N12-Diacetylspermine	row1615	309.22749	22.872	1.0	0.32297753190371425	P2004
row1638	E195	row1638_M+H[1+]	CE5072	21-hydroxyallopregnanolone	row1638	335.25839	15.332	1.0	-0.3799497955976796	P2039
row1646	E357	row1646_M+Na[1+]	C00135	L-Histidine	row1646	178.05818	3.165	1.0	0.2359239218247482	P2052
row1656	E174	row1656_M+H[1+];row784_M-H4O2+H[1+]	C05463;C05465	Taurodeoxycholate$Taurochenodeoxycholate; Chenodeoxycholoyltaurine	row1656	500.30474	6.779	1.0	0.005037964433134086	P2065
row1676	E365	row1676_M+H[1+]	C01595	linoleic acid (all cis C18:2) n-6	row1676	281.24797	24.393	1.0	-0.218653079016351	P2106
row1688	E107	row1688_M-H2O+H[1+]	C12144	Phytosphingosine; 4-D-Hydroxysphinganine	row1688	300.29041	12.282	1.0	0.3299187592753905	P2126
row1688	E111	row1688_M+H[1+]	C02934;C00319	3-Dehydrosphinganine$Sphingosine	row1688	300.29041	12.282	1.0	0.3299187592753905	P2126
row1713	E325	row1713_M-H2O+H[1+]	C05849	Vitamin K1 epoxide; (2,3-Epoxyphytyl)menaquinone; 2,3-Epoxy-2,3-dihydro-2-methyl-3-phytyl-1,4-naphthoquinone; 2,3-Epoxyphylloquinone; 1a,7a-Dihydro-1a-methyl-7a-(3,7,11,15-tetramethyl-2-hexadecenyl)-naphth[2,3-b]oxirene-2,7-dione; Phylloquinone oxide; Phylloquinone epoxide; Phylloquinone-2,3-epoxide; Vitamin K1 2,3-epoxide; Vitamin K1 oxide	row1713	449.33725	16.415	1.0	0.4404622155401684	P2168
row1714	E369	row1714_M+H[1+];row2072_M-H2O+H[1+]	C00483;C01183;C02735	Tyramine$N,N-Dimethylaniline N-oxide$Phenylethanolamine; 2-Amino-1-phenylethanol	row1714	138.09131	23.524	1.0	0.5434650796699866	P2169
row1736	E343	row1736_M+Na[1+]	C03242	(8Z,11Z,14Z)-Icosatrienoic acid; Dihomo-gamma-linolenic acid; (Z,Z,Z)-8,11,14-Eicosatrienoic acid; (Z,Z,Z)-8,11,14-Icosatrienoic acid; (Z,Z,Z)-8,11,14-Eicosatrienoate; (Z,Z,Z)-8,11,14-Icosatrienoate; 8,11,14-Eicosatrienoate; 8,11,14-Icosatrienoate	row1736	329.24326	13.241	1.0	-0.2043703829337619	P2210
row1747	E383	row1747_M+H[1+]	CE5932;C02075;C06428;CE5013	13,14-epoxy-retinol$Retinyl ester; all-trans-Retinyl ester$(5Z,8Z,11Z,14Z,17Z)-Icosapentaenoic acid; (5Z,8Z,11Z,14Z,17Z)-Eicosapentaenoic acid; Eicosapentaenoic acid; 5,8,11,14,17-Icosapentaenoic acid; (5Z,8Z,11Z,14Z,17Z)-Eicosapentaenoate$	row1747	303.23263	9.374	1.0	1.0092744644463538	P2233
row1747	E386	row1747_M-H2O+H[1+]	C04805;C04742;C14749;C14748;C14778;C14770;C14771;C14769;C14768;CE5016	5-Hydroxyeicosatetraenoate$(15S)-15-Hydroxy-5,8,11-cis-13-trans-eicosatetraenoate; (15S)-15-Hydroxy-5,8,11-cis-13-trans-icosatetraenoate; (5Z,8Z,11Z,13E)-(15S)-15-Hydroxyicosa-5,8,11,13-tetraenoic acid; 15(S)-HETE$19(S)-HETE; (19S)-Hydroxyeicosatetraenoic acid; (19S)-Hydroxyicosatetraenoic acid; (19S)-Hydroxy arachidonic acid$20-Hydroxyeicosatetraenoic acid$16(R)-HETE; (5Z,8Z,11Z,14Z)-(16R)-16-Hydroxyeicosa-5,8,11,14-tetraenoic acid; (5Z,8Z,11Z,14Z)-(16R)-16-Hydroxyicosa-5,8,11,14-tetraenoic acid$11,12-EET$14,15-EET; (5Z,8Z,11Z)-14,15-Epoxyeicosa-5.8.11-trienoic acid; (5Z,8Z,11Z)-14,15-Epoxyicosa-5.8.11-trienoic acid$8,9-EET; (5Z,11Z,14Z)-8,9-Epoxyeicosa-5,11,14-trienoic acid; (5Z,11Z,14Z)-8,9-Epoxyicosa-5,11,14-trienoic acid$5,6-EET; (8Z,11Z,14Z)-5,6-Epoxyeicosa-8,11,14-trienoic acid; (8Z,11Z,14Z)-5,6-Epoxyicosa-8,11,14-trienoic acid$13,14-dihydroxy-retinol	row1747	303.23263	9.374	1.0	1.0092744644463538	P2233
row1750	E93	row1750_M+Na[1+]	C00695	Cholate	row1750	431.27723	6.594	1.0	-0.24620116294613054	P2241
row1766	E392	row1766_M+H[1+]	C00246	Butanoic acid; Butanoate; Butyrate; Butyric acid	row1766	89.05987	24.524	1.0	-0.07973695016539617	P2265
row1774	E207	row1774_M-CO2+H[1+];row1945_M-H2O+H[1+];row1946_M-HCOOH+H[1+];row2117_M-H2O+H[1+]	C02990	L-Palmitoylcarnitine	row1774	356.35223	22.759	1.0	0.6330130447152844	P2277
row1780	E396	row1780_M+H[1+]	CE2958	rac-5,6-epoxy-retinoyl-beta-D-glucuronide	row1780	492.23976	10.14	1.0	-0.9787433122186602	P2286
row1784	E399	row1784_M-H2O+H[1+]	C03564	1-Pyrroline-2-carboxylate; 1-Pyrroline-2-carboxylic acid; delta1-Pyrroline 2-carboxylate	row1784	96.04459	0.511	1.0	0.18277472432030212	P2295
row1788	E105	row1788_M+H2O+H[1+];row2204_M+H[1+]	C12144	Phytosphingosine; 4-D-Hydroxysphinganine	row1788	336.31153	8.818	1.0	-0.06926739166565583	P2301
row1803	E106	row1803_M+H[1+];row381_M-H4O2+H[1+];row401_M-H2O+H[1+]	C12144	Phytosphingosine; 4-D-Hydroxysphinganine	row1803	318.3008	10.002	1.0	0.05126372397593203	P2330
row1803	E110	row1803_M+H2O+H[1+];row1842_M-H4O2+H[1+];row2073_M-CO2+H[1+];row381_M-H2O+H[1+];row401_M+H[1+];row977_M+Na[1+]	C02934;C00319	3-Dehydrosphinganine$Sphingosine	row1803	318.3008	10.002	1.0	0.05126372397593203	P2330
row1809	E404	row1809_M+H[1+]	CE4890;C09640	N-methylsalsolinol$(-)-Salsoline	row1809	194.11766	20.975	1.0	-0.3873299254165798	P2340
row1827	E409	row1827_M-H2O+H[1+]	C02714	N-Acetylputrescine	row1827	113.10753	17.224	1.0	0.3612917970746129	P2372
row1832	E313	row1832_M-H2O+H[1+]	C00719;C00431;C00183	Glycine betaine$5-Aminopentanoate; 5-Aminopentanoic acid; 5-Aminovaleric acid$L-Valine	row1832	100.07586	22.825	1.0	-0.08702862091416524	P2379
row1837	E411	row1837_M-H2O+H[1+]	hexccrn	hexacosanoyl carnitine	row1837	522.48812	15.836	1.0	0.0007493821153088875	P2388
row1842	E110	row1803_M+H2O+H[1+];row1842_M-H4O2+H[1+];row2073_M-CO2+H[1+];row381_M-H2O+H[1+];row401_M+H[1+];row977_M+Na[1+]	C02934;C00319	3-Dehydrosphinganine$Sphingosine	row1842	264.26944	10.427	1.0	-0.5633452463653209	P2403
row1872	E154	row1872_M+H[1+]	C00123;C00407	L-Leucine$L-Isoleucine	row1872	132.10184	24.19	1.0	0.9288466780213918	P2446
row1876	E419	row1876_M+Na[1+]	C16300	Stearidonic acid; 6,9,12,15-Octadecatetraenoic acid; (6Z,9Z,12Z,15Z)-Octadecatetraenoic acid	row1876	299.19635	10.998	1.0	0.5339091736988308	P2456
row1877	E420	row1877_M-H2O+H[1+]	C03642	Taurolithocholate sulfate; 3alpha-Sulfatolithocholyltaurine; Taurolithocholic acid 3-sulfate	row1877	546.25734	9.637	1.0	0.00336143410247332	P2457
row1886	E148	row1886_M+H[1+]	CE2962	rac-4-hydroxy-4-O-(beta-D-glucuronide)-all-trans-retinyl acetate	row1886	520.27096	11.331	1.0	0.27583555960962197	P2483
row1892	E428	row1892_M-H2O+H[1+]	C00791		row1892	96.05578	22.122	1.0	1.058662681233523	P2492
row1906	E2	row127_M+H[1+];row1414_M+H[1+];row17_M-C3H4O2+H[1+];row1906_M-NH3+H[1+];row46_M-HCOOH+H[1+];row632_M-HCOOH+H[1+];row72_M-CO2+H[1+];row961_M+Na[1+]	C02737	Phosphatidylserine	row1906	819.51179	16.353	1.0	0.44771566178221367	P2514
row1911	E441	row1911_M-H2O+H[1+]	C00047	L-Lysine	row1911	129.10226	22.577	1.0	0.27043928356862146	P2520
row1914	E311	row1914_M-H2O+H[1+]	C00719;C00431;C00183	Glycine betaine$5-Aminopentanoate; 5-Aminopentanoic acid; 5-Aminovaleric acid$L-Valine	row1914	100.07598	20.487	1.0	0.6106495675238597	P2527
row1917	E329	row1534_M-H4O2+H[1+];row1917_M-H2O+H[1+]	C06341;C05458;C05453;CE5530;C05501;C15520;C15518;C05499;C05445	7-alpha,27-Dihydroxycholesterol$7alpha,12alpha-Dihydroxy-5alpha-cholestan-3-one$7alpha,12alpha-Dihydroxy-5beta-cholestan-3-one$7alpha,27-dihydroxycholesterol$20alpha,22beta-Dihydroxycholesterol; (22R)-20alpha,22-Dihydroxycholesterol$7-alpha,25-Dihydroxycholesterol$(24S)-Cholest-5-ene-3beta,7alpha,24-triol$17alpha,20alpha-Dihydroxycholesterol$3alpha,7alpha-Dihydroxy-5beta-cholestan-26-al	row1917	401.34131	15.219	1.0	0.15655926711972207	P2531
row1917	E330	row1534_M-H2O+H[1+];row1917_M+H[1+]	C05455;C01561	7alpha-Hydroxycholest-4-en-3-one$Calcidiol; 25-Hydroxyvitamin D3; Calcifediol; Calcifediol anhydrous	row1917	401.34131	15.219	1.0	0.15655926711972207	P2531
row1917	E331	row1534_M+H[1+];row1917_M+H2O+H[1+]	C05107;CE2321	7-Dehydrodesmosterol$cholesta-5,7,24-trien-3beta-ol	row1917	401.34131	15.219	1.0	0.15655926711972207	P2531
row1919	E308	row1919_M+Na[1+]	C00719;C00431;C00183	Glycine betaine$5-Aminopentanoate; 5-Aminopentanoic acid; 5-Aminovaleric acid$L-Valine	row1919	140.06827	12.136	1.0	0.5546439865489124	P2533
row1930	E209	row1577_M-CO2+H[1+];row1930_M-H2O+H[1+]	C02990	L-Palmitoylcarnitine	row1930	382.3312	24.642	1.0	0.44964674331481597	P2555
row1936	E15	row1263_M-H4O2+H[1+];row1936_M+K[1+];row314_M+Na[1+];row327_M+H[1+];row56_M-H2O+H[1+]	CE5022;CE5835;CE5842	$$13'-hydroxy-alpha-tocopherol	row1936	485.33911	15.198	1.0	0.23025622159361922	P2566
row1937	E448	row1937_M+H[1+]	C11378		row1937	863.69034	22.326	1.0	-0.6452221365279486	P2567
row1944	E27	row190_M-H4O2+H[1+];row1944_M+Na[1+];row995_M+H[1+]	C05452	3alpha,7alpha-Dihydroxy-5beta-cholestane; 5beta-Cholestane-3alpha,7alpha-diol	row1944	427.35697	15.594	1.0	0.7442039950864071	P2580
row1944	E160	row1944_M-H2O+H[1+];row735_M+H[1+];row929_M+H[1+]	C04840	3beta-Hydroxy-4beta-methyl-5alpha-cholest-7-ene-4alpha-carboxylate	row1944	427.35697	15.594	1.0	0.7442039950864071	P2580
row1944	E162	row1518_M+Na[1+];row1944_M-H4O2+H[1+];row735_M-H2O+H[1+];row929_M-H2O+H[1+]	CE5840;CE5838	$	row1944	427.35697	15.594	1.0	0.7442039950864071	P2580
row1945	E207	row1774_M-CO2+H[1+];row1945_M-H2O+H[1+];row1946_M-HCOOH+H[1+];row2117_M-H2O+H[1+]	C02990	L-Palmitoylcarnitine	row1945	382.33121	22.344	1.0	0.749345989382037	P2581
row1946	E207	row1774_M-CO2+H[1+];row1945_M-H2O+H[1+];row1946_M-HCOOH+H[1+];row2117_M-H2O+H[1+]	C02990	L-Palmitoylcarnitine	row1946	354.33654	22.881	0.0	1.2073535098201584	P2582
row1970	E314	row1970_M-H2O+H[1+]	C00719;C00431;C00183	Glycine betaine$5-Aminopentanoate; 5-Aminopentanoic acid; 5-Aminovaleric acid$L-Valine	row1970	100.07581	23.895	1.0	0.1570951779611585	P2634
row1989	E364	row1989_M+H[1+]	C01595	linoleic acid (all cis C18:2) n-6	row1989	281.248	23.664	1.0	-0.45717688695288894	P2679
row2003	E456	row2003_M+H[1+]	C00174	Acid	row2003	297.27958	13.805	1.0	-0.7297295012804116	P2717
row2061	E440	row2061_M-H2O+H[1+]	C00047	L-Lysine	row2061	129.1023	16.108	1.0	0.7980201050249079	P2842
row2067	E465	row2067_M+H[1+]	CE5525	12-oxo-20-carboxy-leukotriene B4	row2067	363.18215	11.96	1.0	0.9928240078919273	P2872
row2071	E192	row2071_M+H[1+]	C00153	Nicotinamide	row2071	123.05542	17.072	1.0	-0.41013657205940013	P2883
row2071	E341	row2071_M-H2O+H[1+]	C05828	3-Methylimidazoleacetic acid	row2071	123.05542	17.072	1.0	-0.41013657205940013	P2883
row2072	E369	row1714_M+H[1+];row2072_M-H2O+H[1+]	C00483;C01183;C02735	Tyramine$N,N-Dimethylaniline N-oxide$Phenylethanolamine; 2-Amino-1-phenylethanol	row2072	120.08076	24.055	1.0	0.5235271298554496	P2885
row2073	E110	row1803_M+H2O+H[1+];row1842_M-H4O2+H[1+];row2073_M-CO2+H[1+];row381_M-H2O+H[1+];row401_M+H[1+];row977_M+Na[1+]	C02934;C00319	3-Dehydrosphinganine$Sphingosine	row2073	256.30062	10.018	1.0	0.012469141863580726	P2888
row2108	E49	row2108_M+H[1+];row426_M+Na[1+]	C00219	arachidonic acid	row2108	305.24576	12.281	1.0	0.08783154129607418	P3017
row2108	E370	row2108_M+Na[1+]	C00712	(9Z)-Octadecenoic acid; (Z)-Octadec-9-enoic acid; Oleate; Oleic acid	row2108	305.24576	12.281	1.0	0.08783154129607418	P3017
row2117	E207	row1774_M-CO2+H[1+];row1945_M-H2O+H[1+];row1946_M-HCOOH+H[1+];row2117_M-H2O+H[1+]	C02990	L-Palmitoylcarnitine	row2117	382.33118	23.002	0.0	1.143688808691055	P3040
row2119	E189	row2119_M+H[1+]	CE4723	neocasomorphin (1-5)	row2119	603.2926	15.517	1.0	-0.4585049929453173	P3046
row2142	E371	row2142_M-H2O+H[1+]	C00712	(9Z)-Octadecenoic acid; (Z)-Octadec-9-enoic acid; Oleate; Oleic acid	row2142	265.25328	16.345	1.0	0.8455188810603724	P3113
row2159	E368	row2159_M-H2O+H[1+]	C00483;C01183;C02735	Tyramine$N,N-Dimethylaniline N-oxide$Phenylethanolamine; 2-Amino-1-phenylethanol	row2159	120.08091	0.504	1.0	-0.28477678698967407	P3172
row2176	E472	row2176_M+Na[1+]	CE5787	kinetensin 1-3	row2176	382.22658	11.958	1.0	0.5899833317180425	P3214
row2177	E493	row2177_M-H2O+H[1+]	C02576	Perillyl aldehyde; Perillaldehyde	row2177	133.10119	15.267	1.0	0.41625227337178616	P3216
row2190	E182	row2190_M+H[1+];row2214_M-H4O2+H[1+]	C06426;C06427	(6Z,9Z,12Z)-Octadecatrienoic acid; 6,9,12-Octadecatrienoic acid; gamma-Linolenic acid; Gamolenic acid$(9Z,12Z,15Z)-Octadecatrienoic acid; alpha-Linolenic acid; 9,12,15-Octadecatrienoic acid; Linolenate; alpha-Linolenate	row2190	279.23247	15.383	1.0	-0.15604816482663225	P3260
row2190	E437	row2190_M-H2O+H[1+]	C14762;C14826;C14825	13(S)-HODE; (13S)-Hydroxyoctadecadienoic acid; (9Z, 11E)-(13S)-13-Hydroxyoctadeca-9,11-dienoic acid$12(13)-EpOME; (12R,13S)-(9Z)-12,13-Epoxyoctadecenoic acid$9(10)-EpOME; (9R,10S)-(12Z)-9,10-Epoxyoctadecenoic acid	row2190	279.23247	15.383	1.0	-0.15604816482663225	P3260
row2197	E442	row2197_M-H2O+H[1+]	C00047	L-Lysine	row2197	129.10224	23.822	1.0	0.5551060764711548	P3286
row2203	E137	row1025_M+Na[1+];row2203_M(C13)+H[1+];row604_M+H[1+]	C04598	Platelet-activating factor	row2203	551.38531	12.259	1.0	0.44186749731344277	P3299
row2204	E105	row1788_M+H2O+H[1+];row2204_M+H[1+]	C12144	Phytosphingosine; 4-D-Hydroxysphinganine	row2204	318.30088	7.958	1.0	0.7528106375219578	P3302
row2208	E499	row2208_M-H2O+H[1+]	C02452;C11409;C02759;C00964	Perillyl alcohol; (-)-Perillyl alcohol; p-Mentha-1,8-dien-7-ol; (-)-Perillylalcohol$(+)-trans-Carveol; (4S,6R)-trans-Carveol$$(-)-trans-Carveol	row2208	135.11683	15.263	1.0	0.4533386656052784	P3325
row2210	E180	row2210_M+H[1+]	C06426;C06427	(6Z,9Z,12Z)-Octadecatrienoic acid; 6,9,12-Octadecatrienoic acid; gamma-Linolenic acid; Gamolenic acid$(9Z,12Z,15Z)-Octadecatrienoic acid; alpha-Linolenic acid; 9,12,15-Octadecatrienoic acid; Linolenate; alpha-Linolenate	row2210	279.23276	8.711	1.0	0.534066472789589	P3337
row2210	E436	row2210_M-H2O+H[1+]	C14762;C14826;C14825	13(S)-HODE; (13S)-Hydroxyoctadecadienoic acid; (9Z, 11E)-(13S)-13-Hydroxyoctadeca-9,11-dienoic acid$12(13)-EpOME; (12R,13S)-(9Z)-12,13-Epoxyoctadecenoic acid$9(10)-EpOME; (9R,10S)-(12Z)-9,10-Epoxyoctadecenoic acid	row2210	279.23276	8.711	1.0	0.534066472789589	P3337
row2211	E324	row1518_M+H2O+H[1+];row2211_M-H2O+H[1+]	C05849	Vitamin K1 epoxide; (2,3-Epoxyphytyl)menaquinone; 2,3-Epoxy-2,3-dihydro-2-methyl-3-phytyl-1,4-naphthoquinone; 2,3-Epoxyphylloquinone; 1a,7a-Dihydro-1a-methyl-7a-(3,7,11,15-tetramethyl-2-hexadecenyl)-naphth[2,3-b]oxirene-2,7-dione; Phylloquinone oxide; Phylloquinone epoxide; Phylloquinone-2,3-epoxide; Vitamin K1 2,3-epoxide; Vitamin K1 oxide	row2211	449.33791	13.541	1.0	0.7710960796136348	P3338
row2214	E182	row2190_M+H[1+];row2214_M-H4O2+H[1+]	C06426;C06427	(6Z,9Z,12Z)-Octadecatrienoic acid; 6,9,12-Octadecatrienoic acid; gamma-Linolenic acid; Gamolenic acid$(9Z,12Z,15Z)-Octadecatrienoic acid; alpha-Linolenic acid; 9,12,15-Octadecatrienoic acid; Linolenate; alpha-Linolenate	row2214	243.21123	15.27	0.0	1.3447492881087002	P3356
